{"p,f": 1, "r,x": 0, "r,y": 0, "p,ud": 11.462567068944827, "r,diamin": 444.3686004917025, "r,diamout": 503.0955388883157, "r,f": 1.409359457031593, "r,incl": 78.30669619040759, "r,projang": -36.67879133231321, "chi2": 2.0202284397622043}