{"p,f": 1, "r,x": 0, "r,y": 0, "p,ud": 7.506879318692334, "r,diamin": 266.0969348308191, "r,diamout": 344.9705094980138, "r,f": 1.8282188744937307, "r,incl": 68.57779661603874, "r,projang": -80.50409628164309, "chi2": 2.8988520538145583}