{"*,f": 1, "c,ud": 0.0, "*,ud": 108.62731775058282, "c,f": 0.4765821056423037, "c,x": -0.9578193557872609, "c,y": -1.532000016416035, "chi2": 2.75893403827227}