{"incl": 59.27654865149509, "projang": 142.39768195678096, "ud": 17.98955643649082, "chi2": 34.30717033603054}