{"p,f": 1, "r,x": 0, "r,y": 0, "p,ud": 6.285431622945919, "r,diamin": 240.6555251563215, "r,diamout": 240.71497892749022, "r,f": 1.1540464075605252, "r,incl": 67.8925677473049, "r,projang": -69.42130750008782, "chi2": 9.7742436509832}