{"p,f": 1, "r,x": 0, "r,y": 0, "p,ud": 9.873525344429034, "r,diamin": 225.75245154644375, "r,diamout": 299.60230193444687, "r,f": 1.3924641900221202, "r,incl": 70.28616377465895, "r,projang": -66.10623188532799, "chi2": 2.678569610056515}