{"*,f": 1, "c,ud": 0.0, "*,ud": 3.6436555493441696, "c,f": 0.0086476159693779, "c,x": -2.4062940993520407, "c,y": 1.505284581019578, "chi2": 1.3000097226085432}