{"incl": -23.906015539504438, "projang": 179.00297893559878, "ud": 20.698030579088613, "chi2": 85.99985653035777}