{"*,f": 1, "c,ud": 0.0, "*,ud": 127.9701397309263, "c,f": 0.7506111499003525, "c,x": -1.7597123909974346, "c,y": -0.6849842951646091, "chi2": 11.086970826281929}