{"p,f": 1, "r,x": 0, "r,y": 0, "p,ud": 5.611629898719926, "r,diamin": 250.50335055870562, "r,diamout": 250.51276524122497, "r,f": 0.29521226309449905, "r,incl": 65.86482365029033, "r,projang": -78.49573018794797, "chi2": 2.874745415152103}