{"p,f": 1, "r,x": 0, "r,y": 0, "p,ud": 6.1969842622556, "r,diamin": 549.5699122659245, "r,diamout": 549.5907051905705, "r,f": 0.6526648791465771, "r,incl": -144.7395964629411, "r,projang": -118.81490816172096, "chi2": 1.8236093214640205}