{"*,f": 1, "c,ud": 0.0, "*,ud": 3.542699288450051, "c,f": 0.06273033614602955, "c,x": 0.057595292543987146, "c,y": -0.08233491521284458, "chi2": 16.283131675507764}