{"incl": 72.23085858149307, "projang": -57.060947913961826, "ud": 61.4716935812827, "chi2": 95.40501535029485}