{"*,f": 1, "c,ud": 0.0, "*,ud": 57.791066264821204, "c,f": 1.9685532282007077, "c,x": -0.31502642567360367, "c,y": -0.26151145162454115, "chi2": 4.909063925331042}